task,category_id,category_name,AP50
enumeration,0,1,0.40594059405940597
enumeration,1,2,0.16831683168316824
enumeration,2,3,0.0
enumeration,3,4,0.3461810466760961
enumeration,4,5,0.26186203676011477
enumeration,5,6,0.5095351774317652
enumeration,6,7,0.3013912742773339
enumeration,7,8,0.7064947722424887
