task,category_id,category_name,AP50
quadrant,0,1,0.4913659327674843
quadrant,1,2,0.4703757567722204
quadrant,2,3,0.5734661239425843
quadrant,3,4,0.5986759352653092
