{
  "Quadrant": {
    "AP": 0.3007896209535872,
    "AP50": 0.5069578867513952,
    "AP75": 0.339353580535496,
    "AR": 0.5615753121211072
  },
  "Enumeration": {
    "AP": 0.14242640066321874,
    "AP50": 0.24124893517254367,
    "AP75": 0.15811314823636063,
    "AR": 0.30069422923821015
  },
  "Diagnosis": {
    "AP": 0.26568731441208104,
    "AP50": 0.4603450585067781,
    "AP75": 0.2907051481695419,
    "AR": 0.42563593741481764
  },
  "Aggregates": {
    "AP": 0.236301112009629,
    "AP50": 0.402850626810239,
    "AP75": 0.2627239589804662,
    "AR": 0.42930182625804497
  }
}