{
  "Quadrant": {
    "AP": 0.33171271667769514,
    "AP50": 0.5334709371868994,
    "AP75": 0.39040796965676927,
    "AR": 0.5631367642395941
  },
  "Enumeration": {
    "AP": 0.19405960880906453,
    "AP50": 0.33746521664129664,
    "AP75": 0.18372715742201332,
    "AR": 0.31697163362952835
  },
  "Diagnosis": {
    "AP": 0.2800266313879377,
    "AP50": 0.48029648268532,
    "AP75": 0.284099652437199,
    "AR": 0.4691989823982398
  },
  "Aggregates": {
    "AP": 0.2685996522915658,
    "AP50": 0.4504108788378387,
    "AP75": 0.2860782598386605,
    "AR": 0.44976912675578745
  }
}