{"config":{"name":"final_model_c_lower_lr_yolo11s_quadrant","pathology_model":"yolo11n.pt","tooth_model":"yolo11n.pt","quadrant_model":"yolo11s.pt","imgsz":1024,"epochs":500,"patience":30,"lr0":0.003,"weight_decay":0.0005,"mosaic":0.1,"scale":0.15,"degrees":8.0,"ab_enable_tta":true,"quadrant_enable_tta":false,"tooth_assignment_mode":"nearest","quadrant_assignment_mode":"nearest"},"weights":{"pathology":"/kaggle/working/dentex_final_model_c/runs/final_model_c_lower_lr_yolo11s_quadrant_pathology/weights/best.pt","tooth":"/kaggle/working/dentex_final_model_c/runs/final_model_c_lower_lr_yolo11s_quadrant_tooth/weights/best.pt","quadrant":"/kaggle/working/dentex_final_model_c/runs/final_model_c_lower_lr_yolo11s_quadrant_quadrant/weights/best.pt"},"validation_metrics":{"Quadrant":{"AP":0.33171271667769514,"AP50":0.5334709371868994,"AP75":0.39040796965676927,"AR":0.5631367642395941},"Enumeration":{"AP":0.19405960880906453,"AP50":0.33746521664129664,"AP75":0.18372715742201332,"AR":0.31697163362952835},"Diagnosis":{"AP":0.2800266313879377,"AP50":0.48029648268532,"AP75":0.284099652437199,"AR":0.4691989823982398},"Aggregates":{"AP":0.2685996522915658,"AP50":0.4504108788378387,"AP75":0.2860782598386605,"AR":0.44976912675578745}},"released_test_metrics":{"Quadrant":{"AP":0.3007896209535872,"AP50":0.5069578867513952,"AP75":0.339353580535496,"AR":0.5615753121211072},"Enumeration":{"AP":0.14242640066321874,"AP50":0.24124893517254367,"AP75":0.15811314823636063,"AR":0.30069422923821015},"Diagnosis":{"AP":0.26568731441208104,"AP50":0.4603450585067781,"AP75":0.2907051481695419,"AR":0.42563593741481764},"Aggregates":{"AP":0.236301112009629,"AP50":0.402850626810239,"AP75":0.2627239589804662,"AR":0.42930182625804497}},"prediction_files":{"validation_unified":"/kaggle/working/dentex_final_model_c/predictions/predictions_unified_validation.json","validation_challenge":"/kaggle/working/dentex_final_model_c/predictions/predictions_challenge_format_validation.json","test_unified":"/kaggle/working/dentex_final_model_c/predictions/predictions_unified_test.json","test_challenge":"/kaggle/working/dentex_final_model_c/predictions/predictions_challenge_format_test.json"}}