task,category_id,category_name,AP50
quadrant,0,1,0.5239686249326687
quadrant,1,2,0.5769525762457811
quadrant,2,3,0.5634612967806027
quadrant,3,4,0.654371366544963
