{
  "best_quadrant_only_sanity": {
    "experiment": "quadrant_yolo11n_1280_standard",
    "quadrant_model": "yolo11n.pt",
    "imgsz": 1280,
    "mosaic": 0.1,
    "scale": 0.15,
    "degrees": 8.0,
    "quadrant_tta": false,
    "n_predictions": 244,
    "quadrant_AP": 0.3384247526303559,
    "quadrant_AP50": 0.579688466126004,
    "quadrant_AP75": 0.37963858797895406,
    "quadrant_AR": 0.44615500331488533
  },
  "best_model_c_pipeline": {
    "experiment": "quadrant_yolo11s_1024_standard",
    "quadrant_model": "yolo11s.pt",
    "imgsz": 1024,
    "mosaic": 0.1,
    "scale": 0.15,
    "degrees": 8.0,
    "quadrant_tta": false,
    "quadrant_assignment_mode": "nearest",
    "n_predictions": 543,
    "quadrant_AP50": 0.5684468546166404,
    "enumeration_AP50": 0.31444214681471355,
    "diagnosis_AP50": 0.49841031640392475,
    "aggregate_AP50": 0.46043310594509296,
    "quadrant_AP": 0.3449215018605888,
    "enumeration_AP": 0.17026314158505323,
    "diagnosis_AP": 0.29494745087463825,
    "aggregate_AP": 0.2700440314400934,
    "aggregate_AP75": 0.3052880761310311,
    "aggregate_AR": 0.44514196613876117
  },
  "best_quadrant_only_key": "quadrant_yolo11n_1280_standard_tta0_sanity",
  "best_pipeline_key": "quadrant_yolo11s_1024_standard_tta0_nearest"
}