experiment,quadrant_model,imgsz,mosaic,scale,degrees,quadrant_tta,n_predictions,quadrant_AP,quadrant_AP50,quadrant_AP75,quadrant_AR
quadrant_yolo11n_1280_standard,yolo11n.pt,1280,0.1,0.15,8.0,False,244,0.3384247526303559,0.579688466126004,0.37963858797895406,0.44615500331488533
quadrant_yolo11s_1024_standard,yolo11s.pt,1024,0.1,0.15,8.0,False,321,0.34270571877019806,0.5662302770294377,0.3720012535498245,0.4995053794823014
quadrant_yolo11n_1024_standard,yolo11n.pt,1024,0.1,0.15,8.0,False,224,0.3125918646622038,0.5190455350834209,0.33090695981089957,0.42405102401129946
quadrant_yolo11n_1024_low_aug,yolo11n.pt,1024,0.0,0.05,3.0,False,249,0.3420825669548386,0.5117117002855625,0.407739893313434,0.4786394377666321
quadrant_yolo11n_1280_standard,yolo11n.pt,1280,0.1,0.15,8.0,True,468,0.18774734530654769,0.32370905262812394,0.21115850318375737,0.44615500331488533
quadrant_yolo11s_1024_standard,yolo11s.pt,1024,0.1,0.15,8.0,True,644,0.17900954886628784,0.29754472450908853,0.1938001232552216,0.4995053794823014
quadrant_yolo11n_1024_standard,yolo11n.pt,1024,0.1,0.15,8.0,True,460,0.17292437857321427,0.2874569147370984,0.17886555490898431,0.42405102401129946
quadrant_yolo11n_1024_low_aug,yolo11n.pt,1024,0.0,0.05,3.0,True,534,0.1872296218450055,0.2829874886402102,0.21760103657632668,0.4786394377666321
