experiment,quadrant_AP50,enumeration_AP50,diagnosis_AP50,aggregate_AP50,aggregate_AP,aggregate_AP75,aggregate_AR
gt_tooth_detector_oracle,0.6400241371824527,0.4539739595385976,0.5387932058130548,0.5442637675113683,0.31598071307874037,0.31062999535939384,0.5125182855285337
oracle_tooth_labels,0.603674220907655,0.4957329987404662,0.5140935708789472,0.5378335968423561,0.30896352446519404,0.2993811146199212,0.5125182855285337
