task,category_id,category_name,AP50
enumeration,0,1,0.20792079207920786
enumeration,1,2,0.0
enumeration,2,3,0.16831683168316833
enumeration,3,4,0.519094766619519
enumeration,4,5,0.17266298058377266
enumeration,5,6,0.5742472124532468
enumeration,6,7,0.4522031242334189
enumeration,7,8,0.7624041183602309
