task,category_id,category_name,AP50
quadrant,0,1,0.0031374314764158386
quadrant,1,2,0.0022918958562522917
quadrant,2,3,0.0
quadrant,3,4,0.0
