task,category_id,category_name,AP50
enumeration,0,1,0.12588401697312585
enumeration,1,2,0.0
enumeration,2,3,0.0
enumeration,3,4,0.39232673267326734
enumeration,4,5,0.13791105854771527
enumeration,5,6,0.5289990622205959
enumeration,6,7,0.3954169122605306
enumeration,7,8,0.7149904245763753
