{"best_experiment":"lower_lr","best_row":{"experiment":"lower_lr","pathology_model":"yolo11n.pt","tooth_model":"yolo11n.pt","imgsz":1024,"epochs":100,"patience":20,"lr0":0.003,"weight_decay":0.0005,"mosaic":0.1,"scale":0.15,"degrees":8.0,"tta":true,"assignment_mode":"nearest","pathology_conf":0.15,"tooth_conf":0.25,"predict_iou":0.5,"n_predictions":530,"quadrant_AP50":0.001766027666596447,"enumeration_AP50":0.2869410259064513,"diagnosis_AP50":0.527096919766235,"aggregate_AP50":0.27193465777976095,"quadrant_AP":0.0010370646169020662,"enumeration_AP":0.18680027063638294,"diagnosis_AP":0.3360066316265596,"aggregate_AP":0.17461465562661485,"aggregate_AP75":0.20541635363300917,"aggregate_AR":0.2809707242307206},"comparison_file":"/kaggle/working/dentex_regularisation_sweep/predictions/regularisation_comparison.csv"}