experiment,pathology_model,tooth_model,imgsz,epochs,patience,lr0,weight_decay,mosaic,scale,degrees,tta,assignment_mode,pathology_conf,tooth_conf,predict_iou,n_predictions,quadrant_AP50,enumeration_AP50,diagnosis_AP50,aggregate_AP50,quadrant_AP,enumeration_AP,diagnosis_AP,aggregate_AP,aggregate_AP75,aggregate_AR
lower_lr,yolo11n.pt,yolo11n.pt,1024,100,20,0.003,0.0005,0.1,0.15,8.0,True,nearest,0.15,0.25,0.5,530,0.001766027666596447,0.2869410259064513,0.527096919766235,0.27193465777976095,0.0010370646169020662,0.18680027063638294,0.3360066316265596,0.17461465562661485,0.20541635363300917,0.2809707242307206
base_config,yolo11n.pt,yolo11n.pt,1024,100,20,0.01,0.0005,0.1,0.15,8.0,True,nearest,0.15,0.25,0.5,362,0.0019883294425650714,0.28228780268393106,0.45913473178602726,0.24780362130417447,0.0012151470657716945,0.1784813863253965,0.28463435103084767,0.1547769614740053,0.17476433035794356,0.25364134885241074
stricter_prediction_confidence,yolo11n.pt,yolo11n.pt,1024,100,20,0.01,0.0005,0.1,0.15,8.0,True,nearest,0.25,0.35,0.5,267,0.008661740558292282,0.24014082179540777,0.430732565214083,0.226511709189261,0.00448087952596952,0.14454134972218105,0.268693923364223,0.13923871753745784,0.16812174611654226,0.2179265105539012
higher_weight_decay,yolo11n.pt,yolo11n.pt,1024,100,20,0.01,0.002,0.1,0.15,8.0,True,nearest,0.15,0.25,0.5,587,0.0006578619888120388,0.2547961425104594,0.40778563587181504,0.2210798801236955,0.0002744402571043769,0.15116212593442713,0.24321398486025128,0.1315501836839276,0.14073050907451126,0.2445542336815135
shorter_patience,yolo11n.pt,yolo11n.pt,1024,100,8,0.01,0.0005,0.1,0.15,8.0,True,nearest,0.15,0.25,0.5,580,0.004594244267632338,0.13496700226902078,0.41796149271854494,0.185840913085066,0.002195960885287135,0.08354107052787502,0.24297407723779582,0.10957036955031933,0.11915277833777614,0.23247326224011666
