{
  "Quadrant": {
    "AP": 0.0007760842035075177,
    "AP50": 0.0013573318331670328,
    "AP75": 0.000809421877356984,
    "AR": 0.020392219387755102
  },
  "Enumeration": {
    "AP": 0.20459980610733938,
    "AP50": 0.3571062282515706,
    "AP75": 0.20901886721439444,
    "AR": 0.3513902939166097
  },
  "Diagnosis": {
    "AP": 0.30393291808375106,
    "AP50": 0.5140935708789472,
    "AP75": 0.29032024120991146,
    "AR": 0.5008653052805281
  },
  "Aggregates": {
    "AP": 0.16976960279819933,
    "AP50": 0.29085237698789496,
    "AP75": 0.16671617676722095,
    "AR": 0.2908826061949643
  }
}