{
  "Quadrant": {
    "AP": 0.0005750239705003911,
    "AP50": 0.0009857693892405942,
    "AP75": 0.0006047437361501098,
    "AR": 0.01906926029635187
  },
  "Enumeration": {
    "AP": 0.15417121082004778,
    "AP50": 0.25941938264228925,
    "AP75": 0.17149668722416744,
    "AR": 0.2813873237521721
  },
  "Diagnosis": {
    "AP": 0.04648066206853015,
    "AP50": 0.07606940686627199,
    "AP75": 0.05222977779147818,
    "AR": 0.12532495917435182
  },
  "Aggregates": {
    "AP": 0.06707563228635945,
    "AP50": 0.11215818629926728,
    "AP75": 0.07477706958393192,
    "AR": 0.14192718107429195
  }
}